{
  "id": "A123456789",
  "name": "Jane Doe",
  "age": 45,
  "gender": "Female",
  "allergies": "Penicillin",
  "conditions": "Diabetes, Hypertension",
  "medications": "Metformin, Lisinopril",
  "emergencyContact": "John Doe - (555) 123-4567",
  "lastVisit": "March 18, 2025 - Mercy General Hospital",
  "history": [
    {
      "date": "2025-01-05",
      "treatment": "Routine checkup",
      "medication": "Metformin",
      "doctor": "Dr. Lee",
      "hospital": "Mercy General"
    },
    {
      "date": "2024-11-12",
      "treatment": "Flu symptoms",
      "medication": "Tamiflu",
      "doctor": "Dr. Smith",
      "hospital": "St. Mary’s"
    }
  ]
}
